Laura, Navarro, laura@example.com
Pablo, Morales, pablo@example.com
Luisa, Vargas, luisa@example.com
Guillermo, Silva, guillermo@example.com
Ana, Pérez, ana@example.com
Gabriel, Martínez, gabriel@example.com
Carmen, González, carmen@example.com
Isabel, López, isabel@example.com
Marcos, Flores, marcos@example.com
Silvia, Ramos, silvia@example.com
Héctor, Torres, hector@example.com
Adrián, Fernández, adrian@example.com
Elena, Soto, elena@example.com
Raquel, Gómez, raquel@example.com
Julio, Castro, julio@example.com
Emiliano, Herrera, emiliano@example.com
Camila, Díaz, camila@example.com
Rafael, Navarro, rafael@example.com
Inés, Jiménez, ines@example.com
Luciano, Flores, luciano@example.com
Mariana, Soto, mariana@example.com
Juana, Molina, juana@example.com
Diego, Rodríguez, diego@example.com
Carolina, Gutiérrez, carolina@example.com
Sergio, Pérez, sergio@example.com
María, García, maria@example.com
Jorge, Martínez, jorge@example.com
Valentina, López, valentina@example.com
Daniel, Sánchez, daniel@example.com
Paula, Ramírez, paula@example.com
Martín, González, martin@example.com
Natalia, Díaz, natalia@example.com
Andrés, Jiménez, andres@example.com
Fernanda, Ruiz, fernanda@example.com
Juan, Hernández, juan@example.com
Renata, Torres, renata@example.com
Gustavo, Castro, gustavo@example.com
Lucía, Vargas, lucia@example.com
Esteban, Flores, esteban@example.com
Catalina, Morales, catalina@example.com
Ramón, Álvarez, ramon@example.com
Florencia, Ortiz, florencia@example.com
Lorenzo, Silva, lorenzo@example.com
Sofía, Pérez, sofia@example.com
Miguel, Rubio, miguel@example.com
Elena, Castro, elena@example.com
Alejandro, Navarro, alejandro@example.com
Valeria, Gómez, valeria@example.com
Ricardo, Herrera, ricardo@example.com
Abril, Torres, abril@example.com
Javier, López, javier@example.com
Luciana, Martínez, luciana@example.com
Germán, Pérez, german@example.com
Diana, Rodríguez, diana@example.com
Axel, González, axel@example.com
Camilo, Sánchez, camilo@example.com
Abril, Flores, abril@example.com
Matías, Ramírez, matias@example.com
Victoria, Gutiérrez, victoria@example.com
Hugo, Díaz, hugo@example.com
Micaela, Ruiz, micaela@example.com
Renato, Vargas, renato@example.com
Agustina, Silva, agustina@example.com
Nicolás, Castro, nicolas@example.com
Belén, Pérez, belen@example.com
Gabriela, López, gabriela@example.com
Tomás, Soto, tomas@example.com
Clara, Fernández, clara@example.com
Ignacio, Fernández, ignacio@example.com
Victoria, Soto, victoria@example.com
Miguel, Rubio, miguel@example.com
Elena, Castro, elena@example.com
Alejandro, Navarro, alejandro@example.com
Valeria, Gómez, valeria@example.com
Ricardo, Herrera, ricardo@example.com
Abril, Torres, abril@example.com
Javier, López, javier@example.com
Luciana, Martínez, luciana@example.com
Germán, Pérez, german@example.com
Diana, Rodríguez, diana@example.com
Axel, González, axel@example.com
Camilo, Sánchez, camilo@example.com
Abril, Flores, abril@example.com
Matías, Ramírez, matias@example.com
Victoria, Gutiérrez, victoria@example.com
Hugo, Díaz, hugo@example.com
Micaela, Ruiz, micaela@example.com
Renato, Vargas, renato@example.com
Agustina, Silva, agustina@example.com
Nicolás, Castro, nicolas@example.com
Belén, Pérez, belen@example.com
Gabriela, López, gabriela@example.com
Tomás, Soto, tomas@example.com
Clara, Fernández, clara@example.com
Marcos, Torres, marcos@example.com
Germán, Pérez, german@example.com
Diana, Rodríguez, diana@example.com
Axel, González, axel@example.com
Camilo, Sánchez, camilo@example.com
Abril, Flores, abril@example.com
Matías, Ramírez, matias@example.com
Victoria, Gutiérrez, victoria@example.com
Hugo, Díaz, hugo@example.com
Micaela, Ruiz, micaela@example.com
Renato, Vargas, renato@example.com
Agustina, Silva, agustina@example.com
Nicolás, Castro, nicolas@example.com
Belén, Pérez, belen@example.com
Gabriela, López, gabriela@example.com
Tomás, Soto, tomas@example.com
Clara, Fernández, clara@example.com
Marcos, Torres, marcos@example.com
Germán, Pérez, german@example.com
Diana, Rodríguez, diana@example.com
Axel, González, axel@example.com
Camilo, Sánchez, camilo@example.com
Abril, Flores, abril@example.com
Matías, Ramírez, matias@example.com
Victoria, Gutiérrez, victoria@example.com
Hugo, Díaz, hugo@example.com
Micaela, Ruiz, micaela@example.com
Renato, Vargas, renato@example.com
Agustina, Silva, agustina@example.com
Nicolás, Castro, nicolas@example.com
Belén, Pérez, belen@example.com
Gabriela, López, gabriela@example.com
Tomás, Soto, tomas@example.com
Clara, Fernández, clara@example.com
Marcos, Torres, marcos@example.com
Germán, Pérez, german@example.com
Diana, Rodríguez, diana@example.com
Axel, González, axel@example.com
Camilo, Sánchez, camilo@example.com
Abril, Flores, abril@example.com
Matías, Ramírez, matias@example.com
Victoria, Gutiérrez, victoria@example.com
Hugo, Díaz, hugo@example.com
Micaela, Ruiz, micaela@example.com
Renato, Vargas, renato@example.com
Agustina, Silva, agustina@example.com
Nicolás, Castro, nicolas@example.com
Belén, Pérez, belen@example.com
Gabriela, López, gabriela@example.com
Tomás, Soto, tomas@example.com
Clara, Fernández, clara@example.com
Marcos, Torres, marcos@example.com
Germán, Pérez, german@example.com
Diana, Rodríguez, diana@example.com
Axel, González, axel@example.com
Camilo, Sánchez, camilo@example.com
Abril, Flores, abril@example.com
Matías, Ramírez, matias@example.com
Victoria, Gutiérrez, victoria@example.com
Hugo, Díaz, hugo@example.com
Micaela, Ruiz, micaela@example.com
Renato, Vargas, renato@example.com
Agustina, Silva, agustina@example.com
Nicolás, Castro, nicolas@example.com
Belén, Pérez, belen@example.com
Gabriela, López, gabriela@example.com
Tomás, Soto, tomas@example.com
Clara, Fernández, clara@example.com
Marcos, Torres, marcos@example.com
Micaela, Ruiz, micaela@example.com
Renato, Vargas, renato@example.com
Agustina, Silva, agustina@example.com
Nicolás, Castro, nicolas@example.com
Belén, Pérez, belen@example.com
Gabriela, López, gabriela@example.com
Tomás, Soto, tomas@example.com
Clara, Fernández, clara@example.com
Marcos, Torres, marcos@example.com
Germán, Pérez, german@example.com
Diana, Rodríguez, diana@example.com
Axel, González, axel@example.com
Camilo, Sánchez, camilo@example.com
Abril, Flores, abril@example.com
Matías, Ramírez, matias@example.com
Victoria, Gutiérrez, victoria@example.com
Hugo, Díaz, hugo@example.com
Micaela, Ruiz, micaela@example.com
Renato, Vargas, renato@example.com
Agustina, Silva, agustina@example.com
Nicolás, Castro, nicolas@example.com
Belén, Pérez, belen@example.com
Micaela, Ruiz, micaela@example.com
Renato, Vargas, renato@example.com
Agustina, Silva, agustina@example.com
Nicolás, Castro, nicolas@example.com
Belén, Pérez, belen@example.com
Gabriela, López, gabriela@example.com
Tomás, Soto, tomas@example.com
Clara, Fernández, clara@example.com
Marcos, Torres, marcos@example.com
Germán, Pérez, german@example.com
Diana, Rodríguez, diana@example.com
Axel, González, axel@example.com
Camilo, Sánchez, camilo@example.com
Abril, Flores, abril@example.com
Matías, Ramírez, matias@example.com
Victoria, Gutiérrez, victoria@example.com
Hugo, Díaz, hugo@example.com
Micaela, Ruiz, micaela@example.com
Renato, Vargas, renato@example.com
Agustina, Silva, agustina@example.com
Nicolás, Castro, nicolas@example.com
Belén, Pérez, belen@example.com
Micaela, Ruiz, micaela@example.com
Renato, Vargas, renato@example.com
Agustina, Silva, agustina@example.com
Nicolás, Castro, nicolas@example.com
Belén, Pérez, belen@example.com
Gabriela, López, gabriela@example.com
Tomás, Soto, tomas@example.com
Clara, Fernández, clara@example.com
Marcos, Torres, marcos@example.com
Germán, Pérez, german@example.com
Diana, Rodríguez, diana@example.com
Axel, González, axel@example.com
Camilo, Sánchez, camilo@example.com
Abril, Flores, abril@example.com
Matías, Ramírez, matias@example.com
Victoria, Gutiérrez, victoria@example.com
Hugo, Díaz, hugo@example.com
Micaela, Ruiz, micaela@example.com
Renato, Vargas, renato@example.com
Agustina, Silva, agustina@example.com
Nicolás, Castro, nicolas@example.com
Belén, Pérez, belen@example.com
Micaela, Ruiz, micaela@example.com
Renato, Vargas, renato@example.com
Agustina, Silva, agustina@example.com
Nicolás, Castro, nicolas@example.com
Belén, Pérez, belen@example.com
Gabriela, López, gabriela@example.com
Tomás, Soto, tomas@example.com
Clara, Fernández, clara@example.com
Marcos, Torres, marcos@example.com
Germán, Pérez, german@example.com
Diana, Rodríguez, diana@example.com
Axel, González, axel@example.com
Camilo, Sánchez, camilo@example.com
Abril, Flores, abril@example.com
Matías, Ramírez, matias@example.com
Victoria, Gutiérrez, victoria@example.com
Hugo, Díaz, hugo@example.com
Micaela, Ruiz, micaela@example.com
Renato, Vargas, renato@example.com
Agustina, Silva, agustina@example.com
Nicolás, Castro, nicolas@example.com
Belén, Pérez, belen@example.com
Micaela, Ruiz, micaela@example.com
Renato, Vargas, renato@example.com
Agustina, Silva, agustina@example.com
Nicolás, Castro, nicolas@example.com
Belén, Pérez, belen@example.com
Gabriela, López, gabriela@example.com
Tomás, Soto, tomas@example.com
Clara, Fernández, clara@example.com
Marcos, Torres, marcos@example.com
Germán, Pérez, german@example.com
Diana, Rodríguez, diana@example.com
Axel, González, axel@example.com
Camilo, Sánchez, camilo@example.com
Abril, Flores, abril@example.com
Matías, Ramírez, matias@example.com
Victoria, Gutiérrez, victoria@example.com
Hugo, Díaz, hugo@example.com
Micaela, Ruiz, micaela@example.com
Renato, Vargas, renato@example.com
Agustina, Silva, agustina@example.com
Nicolás, Castro, nicolas@example.com
Belén, Pérez, belen@example.com
Micaela, Ruiz, micaela@example.com
Renato, Vargas, renato@example.com
Agustina, Silva, agustina@example.com
Nicolás, Castro, nicolas@example.com
Belén, Pérez, belen@example.com
Gabriela, López, gabriela@example.com
Tomás, Soto, tomas@example.com
Clara, Fernández, clara@example.com
Marcos, Torres, marcos@example.com
Germán, Pérez, german@example.com
Diana, Rodríguez, diana@example.com
Axel, González, axel@example.com
Camilo, Sánchez, camilo@example.com
Abril, Flores, abril@example.com
Matías, Ramírez, matias@example.com
Victoria, Gutiérrez, victoria@example.com
Hugo, Díaz, hugo@example.com
Micaela, Ruiz, micaela@example.com
Renato, Vargas, renato@example.com
Agustina, Silva, agustina@example.com
Nicolás, Castro, nicolas@example.com
Belén, Pérez, belen@example.com
Micaela, Ruiz, micaela@example.com
Renato, Vargas, renato@example.com
Agustina, Silva, agustina@example.com
Nicolás, Castro, nicolas@example.com
Belén, Pérez, belen@example.com
Gabriela, López, gabriela@example.com
Tomás, Soto, tomas@example.com
Clara, Fernández, clara@example.com
Marcos, Torres, marcos@example.com
Germán, Pérez, german@example.com
Diana, Rodríguez, diana@example.com
Axel, González, axel@example.com
Camilo, Sánchez, camilo@example.com
Abril, Flores, abril@example.com
Matías, Ramírez, matias@example.com
Victoria, Gutiérrez, victoria@example.com
Hugo, Díaz, hugo@example.com
Micaela, Ruiz, micaela@example.com
Renato, Vargas, renato@example.com
Agustina, Silva, agustina@example.com
Nicolás, Castro, nicolas@example.com
Belén, Pérez, belen@example.com
